0,-90,-90,0
1,-89.90127565,-88.01685298,0
2,-89.95063783,-85.5054441,0
3,-87.62238859,-41.08814695,0
4,-88.38750229,-20.84965534,0
5,-93.43067114,-40.3693644,0
6,-93.01109265,-76.42107196,0
7,-94.64004442,-84.90790198,0
8,-91.05305973,-52.10370592,0
9,-89.02921057,-12.11168443,0
10,-90.47716769,-8.318591007,0
11,-89.82723239,-19.2562097,0
12,-85.195415,-39.56398155,0
13,-87.12053981,-49.86075799,0
14,-86.85727488,-20.15685289,0
15,-83.45951186,1.224762758,0
16,-84.80874463,11.25307824,0
17,-85.66435566,-19.94035213,0
18,-83.68164165,-41.38258799,0
19,-83.500647,-53.04764926,0
20,-83.90377143,-52.13834604,0
0,-90,-90,2.5
1,-91.03660567,-90.05196018,2.5
2,-90.27149196,-87.13352986,2.5
3,-90.15631355,-68.00352218,2.5
4,-93.06045483,-23.17920358,2.5
5,-97.23155859,-44.0412174,2.5
6,-90.5100758,-75.59836905,2.5
7,-92.74782772,-88.69233537,2.5
8,-87.80338323,-57.44694483,2.5
9,-90.38667037,-24.98048996,2.5
10,-90.24681087,-24.40892794,2.5
11,-89.04566462,-58.44284835,2.5
12,-90.01645406,-65.61335372,2.5
13,-91.30809763,-2.247909528,2.5
14,-111.0282864,-36.88803209,2.5
15,-116.3018121,-54.03489275,2.5
16,-117.700407,-57.44694483,2.5
17,-118.1940288,-56.65888204,2.5
18,-118.5642451,-54.94419597,2.5
19,-118.2022558,-52.36350684,2.5
20,-118.2022558,-49.94735829,2.5
0,-90,-90,5
1,-90.26326493,-87.86097243,5
2,-91.26696248,-86.70918836,5
3,-86.84082082,-48.83021434,5
4,-84.02717687,4.576194616,5
5,-104.3890739,-24.87656959,5
6,-107.1780368,-41.65970897,5
7,-104.8415605,-36.09130927,5
8,-106.5445555,11.65143965,5
9,-109.8106861,8.949510089,5
10,-109.8189131,-42.9413935,5
11,-108.3215938,-55.36853747,5
12,-101.5178408,-1.581087169,5
13,-109.1031616,32.23633248,5
14,-113.2084491,3.727511613,5
15,-110.8390647,-22.71156193,5
16,-107.9678316,-31.68335367,5
17,-109.5556482,-31.88253438,5
18,-108.8398967,-29.4577258,5
19,-109.1031616,-26.19289425,5
20,-108.9057129,-23.40436438,5
0,-90,-90,0
1,-89.66269181,-88.98677642,0
2,-89.11148086,-86.08566615,0
3,-89.28424847,-83.77343797,0
4,-85.3352745,-34.94818522,0
5,-79.02514317,4.697435045,0
6,-82.71085221,-8.578391926,0
7,-80.81863552,-28.66966301,0
8,-86.90663706,-47.97287131,0
9,-86.5528748,-29.9946477,0
10,-77.79931583,27.36939526,0
11,-82.92475497,35.87354535,0
12,-73.43899041,-20.88429546,0
13,-83.51710106,-53.40271052,0
14,-79.65039738,-49.88673808,0
15,-70.83102218,-12.27622501,0
16,-62.53817684,28.87624059,0
17,-57.96394865,-33.90898155,0
18,-62.27491191,-56.26052063,0
19,-67.25226452,-66.58327715,0
20,-66.89027524,-58.00984682,0
0,-90,-90,2.5
1,-90.20567573,-88.47583461,2.5
2,-90.16454058,-85.84318529,2.5
3,-86.75855053,-33.91764158,2.5
4,-81.16417074,7.408024635,2.5
5,-82.62035489,-3.009992225,2.5
6,-78.30116461,-47.14150836,2.5
7,-76.433629,-83.60023736,2.5
8,-70.55953022,-23.99324646,2.5
9,-74.55786636,-6.006362826,2.5
10,-78.1859862,-18.19102594,2.5
11,-68.85653519,-52.7185681,2.5
12,-66.34729132,-64.66075035,2.5
13,-67.26871858,-46.50932613,2.5
14,-63.14697699,2.116745914,2.5
15,-62.48881466,-4.629417954,2.5
16,-61.81419828,-44.0412174,2.5
17,-59.89730049,-57.44694483,2.5
18,-62.11859835,-68.09012248,2.5
19,-61.35348465,-66.0030551,2.5
20,-60.30042492,-64.10650839,2.5
0,-90,-90,5
1,-90.26326493,-87.26343032,5
2,-91.09419487,-83.82539815,5
3,-94.13819564,-35.38118676,5
4,-96.26076915,-3.287113205,5
5,-112.7724166,-38.58539809,5
6,-109.6625996,-73.75378252,5
7,-109.3664265,-68.52312401,5
8,-99.78193761,11.6081395,5
9,-98.51497513,12.95910427,5
10,-98.86873738,-27.8469601,5
11,-100.0863377,-39.28686057,5
12,-89.64623775,25.26500781,5
13,-94.81281203,24.19982405,5
14,-94.19578484,-24.64274876,5
15,-92.71491961,-40.66380545,5
16,-93.73507121,-41.46052826,5
17,-93.23322244,-40.2827641,5
18,-94.47550383,-37.83197543,5
19,-94.57422818,-35.96140881,5
20,-95.06784993,-34.35930314,5
0,-90,-90,0
1,-90.81447588,-89.42843798,0
2,-90.88851914,-88.11211332,0
3,-90.94610835,-86.4667075,0
4,-93.61989281,-47.75637054,0
5,-100.185062,-16.98728168,0
6,-94.82926609,17.73078116,0
7,-92.4022925,-11.64404277,0
8,-85.2530042,-60.37403518,0
9,-84.91569601,-98.40022972,0
10,-83.45951186,-51.70534451,0
11,-91.28341654,-21.27399684,0
12,-96.73793684,-16.76212088,0
13,-89.83545942,-52.27690653,0
14,-85.34350153,-68.80890502,0
15,-87.40848583,-63.38772584,0
16,-91.37391386,-29.83010712,0
17,-88.96339433,-12.09436437,0
18,-91.76881126,-42.56901219,0
19,-90.5100758,-76.28251147,0
20,-89.98354594,-83.86003828,0
0,-90,-90,2.5
1,-84.77583652,-90.83136294,2.5
2,-83.13865772,-89.02141654,2.5
3,-83.59937135,-87.18549004,2.5
4,-82.02800879,-56.92734299,2.5
5,-79.31308919,-22.26990037,2.5
6,-81.22998697,4.567534585,2.5
7,-82.31595481,-19.49869056,2.5
8,-77.15760756,-35.51974725,2.5
9,-76.70512096,-52.82248846,2.5
10,-73.75984454,-15.95673803,2.5
11,-76.58994255,4.039272716,2.5
12,-77.61832119,18.2244029,2.5
13,-77.94740236,-3.252473082,2.5
14,-77.96385642,-19.84509179,2.5
15,-73.75984454,-33.33741952,2.5
16,-73.35672012,-0.429303094,2.5
17,-78.1859862,24.33838454,2.5
18,-76.41717494,37.26781028,2.5
19,-75.81660182,13.34880565,2.5
20,-75.73433153,-7.833629291,2.5
0,-90,-90,5
1,-91.68654097,-89.90473966,5
2,-91.92512481,-87.76571209,5
3,-91.38214089,-86.01638591,5
4,-92.49278982,-65.43149308,5
5,-95.61083385,-26.02835366,5
6,-84.24930665,-3.0879325,5
7,-95.83296364,-37.89259564,5
8,-86.97245329,-49.96467835,5
9,-86.5528748,-58.21768755,5
10,-86.56932886,-8.838192845,5
11,-75.67674232,27.20485468,5
12,-86.07570712,7.74576583,5
13,-78.12016997,-23.37838429,5
14,-72.45174691,-44.3529785,5
15,-73.17572547,-12.35416528,5
16,-81.73183575,25.49882864,5
17,-88.11601033,12.36156216,5
18,-84.31512289,-18.51144707,5
19,-82.09382503,-42.17065078,5
20,-81.35339241,-41.98879013,5
0,-90,-90,0
1,-89.02921057,-87.75705206,0
2,-88.60140505,-85.01182235,0
3,-91.8099464,-83.70415772,0
4,-96.93538554,-57.13518372,0
5,-98.09539664,-20.92759562,0
6,-102.6367167,-40.23080391,0
7,-97.39609917,-73.85770289,0
8,-96.499353,-70.24647011,0
9,-100.4400999,-31.77861401,0
10,-97.57709381,0.185559081,0
11,-101.9456463,-23.45632456,0
12,-91.06951378,-58.20036749,0
13,-89.81077833,-58.75460945,0
14,-94.31919028,-25.11039042,0
15,-96.15381777,0.393399817,0
16,-95.98105016,16.96869846,0
17,-96.70502872,-14.12081154,0
18,-92.74782772,-45.22764159,0
19,-87.52366424,-63.3184456,0
20,-86.97245329,-61.53447929,0
0,-90,-90,2.5
1,-92.41051953,-90.39836141,2.5
2,-92.9946386,-86.1549464,2.5
3,-93.98188209,-83.48765696,2.5
4,-95.15834725,-59.88907347,2.5
5,-96.47467191,-30.80003055,2.5
6,-98.13653179,-10.64813925,2.5
7,-94.87862826,-31.1550918,2.5
8,-93.52116846,-52.2682465,2.5
9,-94.55777413,-68.1247626,2.5
10,-100.9172676,-51.93916534,2.5
11,-109.794232,-18.10442563,2.5
12,-114.8949901,3.554311,2.5
13,-104.9649659,-21.9408192,2.5
14,-105.1377336,-37.93589579,2.5
15,-104.0353117,-45.12372123,2.5
16,-109.0537994,-5.720581815,2.5
17,-109.2841562,26.29555146,2.5
18,-104.4631172,1.24208282,2.5
19,-101.0571271,-24.83326944,2.5
20,-95.10898508,-44.4395788,2.5
0,-90,-90,5
1,-87.39203177,-85.66132465,5
2,-88.16537251,-82.4830934,5
3,-95.20770943,-58.05314697,5
4,-106.0015716,-17.72338428,5
5,-98.58079136,-26.6605359,5
6,-82.3982251,-59.08369062,5
7,-80.71991117,-75.96209033,5
8,-77.94740236,-42.56035216,5
9,-84.78406355,4.316393697,5
10,-89.49815122,-31.42355275,5
11,-81.6907006,-50.38901985,5
12,-79.20613781,-62.68626336,5
13,-80.57182464,-50.90862169,5
14,-84.40562021,-28.03748077,5
15,-82.18432235,0.990941931,5
16,-88.14891845,-24.27036744,5
17,-75.69319638,-52.92640883,5
18,-72.56692532,-66.99895862,5
19,-71.28350878,-71.56279477,5
20,-70.41967072,-68.11610257,5
0,-90,-90,0
1,-89.5475134,-92.98771057,0
2,-90.5923461,-93.63721287,0
3,-90.73220559,-91.84458653,0
4,-91.97448699,-38.11775644,0
5,-92.25420598,-41.50382842,0
6,-94.40146057,-83.1325957,0
7,-95.16657428,-103.2498469,0
8,-94.38500651,-125.6706662,0
9,-93.20031432,-62.72090349,0
10,-96.69680169,-33.80506118,0
11,-95.01026073,-37.47691417,0
12,-100.5388243,-72.74921897,0
13,-99.41994833,-88.60573507,0
14,-97.42900728,-66.68719752,0
15,-94.03124426,-30.60084984,0
16,-94.78813094,-19.68055121,0
17,-94.07237941,-20.00963237,0
18,-94.54132007,-34.67106424,0
19,-101.4931597,-64.30568909,0
20,-98.66306165,-81.29666921,0
0,-90,-90,2.5
1,-90.26326493,-90.15588055,2.5
2,-88.47799962,-86.05102603,2.5
3,-84.75938246,-43.34841494,2.5
4,-86.57755589,-10.95990035,2.5
5,-85.94407465,-15.4111561,2.5
6,-84.75115543,-49.29785599,2.5
7,-83.57469027,-72.80117915,2.5
8,-83.73923085,-72.50673811,2.5
9,-81.17239777,-30.3064088,2.5
10,-89.21020521,6.585321724,2.5
11,-90.77334074,-1.537787016,2.5
12,-89.75318913,-33.70980084,2.5
13,-89.26779441,-53.87035217,2.5
14,-88.32168606,-66.08099537,2.5
15,-88.83176187,-63.33576566,2.5
16,-87.31798851,-12.24158489,2.5
17,-88.26409686,-3.512274002,2.5
18,-90.47716769,-5.261600191,2.5
19,-91.5549085,-41.83290958,2.5
20,-93.10158997,-66.66121743,2.5
0,-90,-90,5
1,-92.15548163,-87.57519142,5
2,-92.83009801,-84.73470137,5
3,-90.62525421,-45.40084221,5
4,-88.46154556,13.6172666,5
5,-85.12959877,10.40439524,5
6,-89.41588093,-19.69787127,5
7,-88.48622664,-47.66977023,5
8,-88.83176187,-58.52944866,5
9,-87.31798851,-46.9250076,5
10,-84.85810681,2.636347753,5
11,-90.72397856,24.59818545,5
12,-93.23322244,21.52387458,5
13,-95.95636907,-13.56656957,5
14,-95.42983921,-39.39944097,5
15,-96.28545024,-51.98246549,5
16,-95.79182849,-11.12444093,5
17,-94.20401187,33.3448164,5
18,-94.59068224,29.82018393,5
19,-94.31096325,9.997373796,5
20,-95.81650958,-13.54058948,5
0,-90,-90,0
1,-90.74043262,-88.66635528,0
2,-90.0575892,-84.89058192,0
3,-93.01109265,-43.72079626,0
4,-103.9119062,-5.52140111,0
5,-102.5791275,-10.59617906,0
6,-93.53762252,-49.54033685,0
7,-87.4002588,-81.9721516,0
8,-87.80338323,-86.03370597,0
9,-89.89304862,-53.75777177,0
10,-99.52689971,-13.6012097,0
11,-99.65030514,-3.702794676,0
12,-82.72730627,-46.03302444,0
13,-76.71334799,-72.74921897,0
14,-80.91735987,-31.52747312,0
15,-92.73137366,19.36752695,0
16,-81.89637633,26.87577351,0
17,-75.68496935,-15.10805503,0
18,-73.99020136,-30.1938284,0
19,-67.2769456,-43.7034762,0
20,-68.28064316,-43.54759565,0
0,-90,-90,2.5
1,-90.01645406,-86.83908882,2.5
2,-90.4524866,-85.03780244,2.5
3,-93.71861716,-45.98106426,2.5
4,-105.4339066,-5.417480742,2.5
5,-101.9209652,-2.594310754,2.5
6,-90.89674617,-43.03665384,2.5
7,-91.05305973,-68.43652371,2.5
8,-91.40682198,-71.50217455,2.5
9,-90.35376225,-29.01606424,2.5
10,-99.33767804,15.94681485,2.5
11,-97.08347206,10.98461729,2.5
12,-86.7503235,-27.17147771,2.5
13,-86.24847473,-55.85349919,2.5
14,-83.93667955,-63.25782538,2.5
15,-82.49694945,-20.84099531,2.5
16,-87.72933997,6.853782674,2.5
17,-88.53558882,23.65424211,2.5
18,-83.98604172,-6.647205093,2.5
19,-79.45294868,-27.69973958,2.5
20,-77.19874271,-39.5206814,2.5
0,-90,-90,5
1,-64.65252332,-79.76384378,5
2,-65.99352906,-80.32674578,5
3,-66.52005893,-37.46825414,5
4,-82.19254938,7.2001839,5
5,-82.01978177,-22.61630159,5
6,-83.03993337,-46.36210561,5
7,-83.27851722,-49.91271817,5
8,-86.96422626,-16.30313926,5
9,-94.45082275,27.86301701,5
10,-94.5495471,14.87297105,5
11,-85.77953407,-21.81091874,5
12,-85.04732848,-50.81336136,5
13,-85.09669065,-20.43397387,5
14,-104.421982,35.35394351,5
15,-102.998706,24.80602619,5
16,-97.98844526,-18.2949463,5
17,-95.92346096,-32.6532771,5
18,-94.04769832,-29.19792488,5
19,-93.21676838,-27.43127863,5
20,-93.20854135,-24.63408873,5
0,-90,-90,0
1,-88.55204288,-81.30532924,0
2,-89.07034571,-79.80714394,0
3,-88.99630245,-77.79801683,0
4,-91.694768,-44.15379779,0
5,-93.2496765,-11.7652832,0
6,-93.91606586,-14.24205196,0
7,-93.86670368,-39.59862168,0
8,-96.77084496,-75.62434914,0
9,-98.55611027,-84.05921898,0
10,-98.13653179,-37.38165383,0
11,-96.92715851,-11.42754201,0
12,-97.8568128,-25.87247311,0
13,-97.56886678,-55.0654364,0
14,-97.61000192,-57.62880547,0
15,-96.18672589,-36.36843025,0
16,-92.13080054,5.650038415,0
17,-93.52116846,13.6172666,0
18,-95.72601226,-3.451653787,0
19,-93.78443339,-18.84918826,0
20,-94.73054174,-29.69154663,0
0,-90,-90,2.5
1,-90.53475689,-87.43663093,2.5
2,-90.52652986,-83.5829173,2.5
3,-93.15917918,-72.55869829,2.5
4,-91.76881126,-5.841822244,2.5
5,-89.76141616,-12.34550525,2.5
6,-85.96052871,-60.15753442,2.5
7,-84.82519869,-71.7706355,2.5
8,-86.42946937,-55.55039812,2.5
9,-90.36198928,-12.04240418,2.5
10,-91.54668147,3.398430449,2.5
11,-95.42161218,-24.66872885,2.5
12,-96.34303944,-46.37942567,2.5
13,-96.54048814,-51.74864466,2.5
14,-98.93455361,-18.98774875,2.5
15,-93.29903867,8.871569813,2.5
16,-100.168608,-16.02601828,2.5
17,-98.35866157,-37.01793255,2.5
18,-94.91976341,-52.10370592,2.5
19,-95.08430399,-56.32980087,2.5
20,-95.68487711,-56.7628024,2.5
0,-90,-90,5
1,-91.13533002,-89.22925727,5
2,-91.31632466,-88.83089586,5
3,-94.12996861,-89.8008193,5
4,-100.0781107,-35.26860636,5
5,-103.7967278,-12.24158489,5
6,-114.4178224,-41.49516839,5
7,-110.6169349,-70.20316996,5
8,-103.566371,-88.98677642,5
9,-100.9172676,-54.25139352,5
10,-99.65853217,-22.69424187,5
11,-101.7317435,-34.83560483,5
12,-97.09169909,-72.3075574,5
13,-97.2644667,-87.40199081,5
14,-92.2048438,-48.07679167,5
15,-89.35829173,-1.234685943,5
16,-91.72767611,6.507381448,5
17,-92.07321134,-16.38107953,5
18,-90.65816233,-31.93449456,5
19,-88.65076723,-49.64425722,5
20,-88.88112404,-47.91225109,5
0,-90,-90,0
1,-88.71405207,-86.27338897,0
2,-89.08869831,-79.45048391,0
3,-84.20817151,-72.20736751,0
4,-85.50424502,-70.69239507,0
5,-90.87079939,-29.86554663,0
6,-91.07331087,17.87267243,0
7,-99.85218378,-44.95998003,0
8,-97.65493416,-75.86762938,0
9,-97.72581318,-87.76624502,0
10,-108.7323124,-23.75036591,0
11,-113.6938438,25.69081486,0
12,-109.8056233,27.54859128,0
13,-107.1122205,-12.47100908,0
14,-98.51560797,-49.02939504,0
15,-107.1830996,-33.62533224,0
16,-113.3191976,12.59791438,0
17,-119.4350445,52.19730341,0
18,-120.2147137,31.93869389,0
19,-116.7416417,-7.981382737,0
20,-118.0579663,-9.606937103,0
0,-90,-90,2.5
1,-88.65329862,-86.27338897,2.5
2,-88.34953139,-84.8026493,2.5
3,-92.54151915,-45.20326028,2.5
4,-102.6873446,-25.21004738,2.5
5,-106.7983277,-21.33967985,2.5
6,-98.83962635,-42.15119902,2.5
7,-92.55164472,-69.01154974,2.5
8,-91.28594793,-68.912026,2.5
9,-101.5431547,-23.52920205,2.5
10,-110.1903951,7.090934282,2.5
11,-104.2770597,3.530196146,2.5
12,-96.04496785,-15.18026636,2.5
13,-91.65046861,-44.61717605,2.5
14,-100.9761225,-30.82760941,2.5
15,-107.7805084,9.39103842,2.5
16,-114.3013783,20.08431102,2.5
17,-109.3803492,-5.305300038,2.5
18,-100.8647412,-27.27792947,2.5
19,-97.77644105,-35.93649457,2.5
20,-96.7740092,-33.2051209,2.5
0,-90,-90,5
1,-89.87849311,-87.58931393,5
2,-89.45321899,-84.95746401,5
3,-114.9696662,-43.63299687,5
4,-124.1940644,21.82044732,5
5,-117.7845758,-7.959266351,5
6,-114.4633875,-50.79870592,5
7,-115.4354426,-35.85908722,5
8,-121.2475222,18.91214257,5
9,-119.4856723,24.6845193,5
10,-110.1498928,-10.07138121,5
11,-103.4670138,-39.77368753,5
12,-106.3426769,-10.06032302,5
13,-115.83034,47.90672454,5
14,-122.5233446,23.7445729,5
15,-111.5573477,-13.64317754,5
16,-104.4086922,-39.80686211,5
17,-104.8137152,-38.92220667,5
18,-104.4795712,-36.08025108,5
19,-104.580827,-33.03924801,5
20,-103.699902,-30.58432917,5
0,-90,-90,0
1,-90.74043262,-87.90427259,0
2,-91.14355705,-85.60936447,0
3,-95.89055284,-77.1398545,0
4,-98.55611027,-41.4691883,0
5,-104.0188576,-19.5939509,0
6,-99.04150499,-41.59042872,0
7,-98.13653179,-67.12019905,0
8,-98.67128868,-55.00481619,0
9,-105.7053986,-15.14269515,0
10,-103.7226846,-10.66545931,0
11,-98.8193752,-30.69611018,0
12,-98.44093186,-54.16479321,0
13,-98.73710491,-5.123039701,0
14,-100.9913109,6.775842398,0
15,-97.58532084,-22.39980083,0
16,-97.78276954,-39.14830008,0
17,-98.49852107,-36.7234915,0
18,-98.40802375,-35.12138584,0
19,-97.5195046,-33.51062014,0
20,-97.04233692,-31.07715153,0
0,-90,-90,2.5
1,-90.11517841,-88.28531393,2.5
2,-94.6647255,-72.62797854,2.5
3,-89.41588093,-39.0963399,2.5
4,-92.96173048,-18.92712854,2.5
5,-93.109817,-40.78504587,2.5
6,-95.56969871,-62.47842263,2.5
7,-94.65649847,-71.58011483,2.5
8,-91.61249771,-33.32009946,2.5
9,-93.89138477,-13.22882838,2.5
10,-95.75069335,-38.84519901,2.5
11,-96.19495292,-56.89270286,2.5
12,-93.40599005,-78.38689891,2.5
13,-94.25337405,-70.80071207,2.5
14,-92.33647627,-42.04941035,2.5
15,-92.80541693,-26.31413468,2.5
16,-95.92346096,-35.31190651,2.5
17,-96.72970981,-56.82342262,2.5
18,-89.95886485,-77.18315465,2.5
19,-90.30440008,-76.86273352,2.5
20,-91.7523572,-77.6767764,2.5
0,-90,-90,5
1,-89.68737289,-88.53645482,5
2,-91.51377336,-69.35448696,5
3,-90.37844334,-28.54842258,5
4,-102.990479,-0.022281654,5
5,-103.8214089,-24.20974723,5
6,-102.4145869,-36.8360719,5
7,-103.01516,-50.94326182,5
8,-102.8588465,-51.76596473,5
9,-106.972361,-23.39570435,5
10,-105.9110743,4.420314064,5
11,-104.6441118,-28.94678399,5
12,-107.8279721,-54.26871358,5
13,-110.361897,-61.75964008,5
14,-108.8316696,-22.07937969,5
15,-112.5256057,2.272626466,5
16,-109.1607508,-18.32958643,5
17,-106.9229989,-34.93086516,5
18,-101.9374192,-51.77462476,5
19,-100.7198189,-50.01663854,5
20,-101.0489001,-48.70031388,5
0,-90,-90,0
1,-90.12340544,-87.32405053,0
2,-90.61702718,-85.36688361,0
3,-97.18219641,-58.67666918,0
4,-100.5881865,-31.12045168,0
5,-99.06618608,-22.96270282,0
6,-98.93455361,-52.22494635,0
7,-92.42697359,-71.37227409,0
8,-89.35829173,-71.75331544,0
9,-93.8996118,-45.05444098,0
10,-88.10778331,-8.959433274,0
11,-94.96089855,-27.05889731,0
12,-87.44962098,-58.08778709,0
13,-87.51543721,-64.23640885,0
14,-94.84572014,-30.36702902,0
15,-97.88972091,-32.23759563,0
16,-99.48576456,-47.09820821,0
17,-94.83749312,-74.17812402,0
18,-94.0147902,-75.53774883,0
19,-99.46108347,-43.69481617,0
20,-96.4170827,-60.49527561,0
0,-90,-90,2.5
1,-87.61416156,-85.99906584,2.5
2,-84.8005176,-81.28800918,2.5
3,-79.77380282,-74.69772586,2.5
4,-90.15631355,-28.27996163,2.5
5,-78.36698084,14.51790979,2.5
6,-85.05555551,-9.193254101,2.5
7,-71.90053596,-31.95181462,2.5
8,-70.91329247,-39.9450229,2.5
9,-81.92928445,-5.599341386,2.5
10,-76.73802908,24.69344579,2.5
11,-85.72194486,4.939915903,2.5
12,-79.08273237,-18.48546698,2.5
13,-79.02514317,-25.50875183,2.5
14,-90.13985949,7.892986351,2.5
15,-88.97162136,19.62732787,2.5
16,-95.0020337,-2.473070325,2.5
17,-80.38260297,-25.20565075,2.5
18,-80.65409493,-21.80225871,2.5
19,-87.93501569,16.90807825,2.5
20,-87.23571822,11.02791744,2.5
0,-90,-90,5
1,-92.0073951,-89.72287902,5
2,-99.76548355,-83.26249616,5
3,-112.599649,-28.47914234,5
4,-108.8069885,-9.617595603,5
5,-116.3429472,-27.38797848,5
6,-112.2458867,-49.99065844,5
7,-107.6716585,-70.14254974,5
8,-110.065724,-47.49656962,5
9,-118.7041046,-8.803552722,5
10,-117.8073584,4.541554493,5
11,-120.4646888,-17.42028321,5
12,-114.1956926,-43.07995399,5
13,-113.6856168,-45.27960178,5
14,-115.9480498,-13.35006881,5
15,-114.294417,17.81738146,5
16,-118.4902018,11.59947946,5
17,-116.1701796,-3.399693603,5
18,-111.8592163,-18.6326875,5
19,-107.3425774,-32.98235827,5
20,-107.0381773,-45.0024808,5
0,-90,-90,0
1,-90.99547052,-88.2766539,0
2,-91.54668147,-86.70918836,0
3,-90.58411907,-47.44460944,0
4,-89.36651876,-14.45855273,0
5,-94.91153638,-52.8051684,0
6,-96.13736371,-107.7790429,0
7,-102.0279166,-104.7393721,0
8,-112.9780923,-62.05408113,0
9,-113.2166761,-59.37813166,0
10,-107.4742098,-117.5129173,0
11,-109.5967833,-102.998706,0
12,-115.3557037,-58.60738893,0
13,-120.0204292,-102.7908653,0
14,-114.4918657,-117.5388974,0
15,-114.2286007,-137.760069,0
16,-113.8830655,-135.9414625,0
17,-113.8748385,-133.7591348,0
18,-113.9406547,-131.4988668,0
19,-113.7678871,-128.8748775,0
20,-114.0722872,-127.7057734,0
0,-90,-90,2.5
1,-89.73673507,-87.37601072,2.5
2,-96.12090966,-82.46577334,2.5
3,-92.41051953,-58.26964774,2.5
4,-100.448327,-38.55075797,2.5
5,-98.73710491,-16.73614079,2.5
6,-88.74126455,-57.42096473,2.5
7,-93.38953599,-75.58970902,2.5
8,-95.02671478,-36.90535215,2.5
9,-102.422814,-12.70056651,2.5
10,-102.3734518,0.211539173,2.5
11,-104.3973009,-1.087465423,2.5
12,-102.8012573,-18.47680695,2.5
13,-99.00036984,-34.96550528,2.5
14,-87.5401183,-64.84261099,2.5
15,-87.63061562,-18.03514538,2.5
16,-95.7095582,1.623124168,2.5
17,-98.02958041,15.2280323,2.5
18,-105.3845444,-18.6326875,2.5
19,-99.39526724,-55.35987744,2.5
20,-101.9538733,-59.85443334,2.5
0,-90,-90,5
1,-88.25586983,-91.34230475,5
2,-100.5799594,-85.84318529,5
3,-105.1377336,-40.27410407,5
4,-106.8983178,-7.322687483,5
5,-124.5864304,-46.5006661,5
6,-114.7139954,-68.09012248,5
7,-105.7300797,-88.60573507,5
8,-105.269366,-87.18549004,5
9,-109.1360697,-46.11096472,5
10,-115.2734334,-25.05843023,5
11,-113.4223519,-9.678215817,5
12,-99.83129978,-54.5285145,5
13,-98.10362367,-35.73624801,5
14,-107.3754855,-3.598874308,5
15,-108.2146424,24.84066631,5
16,-107.3096692,-22.03607954,5
17,-111.1846,-45.90312398,5
18,-110.0821781,-52.23360638,5
19,-109.6132374,-52.56268754,5
20,-110.1891294,-52.10370592,5
0,-90,-90,0
1,-89.90950268,-87.13352986,0
2,-92.93704939,-80.15354516,0
3,-98.14475882,-49.28919596,0
4,-99.31299695,-33.61454051,0
5,-103.4676466,-18.80588811,0
6,-100.8267703,-70.40235066,0
7,-93.80088745,-81.49584991,0
8,-99.00036984,-36.34245016,0
9,-103.6486413,-0.230122389,0
10,-98.15298585,-15.80951751,0
11,-94.87862826,-44.9765007,0
12,-93.64457389,-49.3844563,0
13,-100.5223702,-18.93578857,0
14,-115.6930119,11.77268008,0
15,-106.2154744,-14.65773343,0
16,-101.7975597,-85.06378254,0
17,-102.1184139,-85.43616385,0
18,-102.8177113,-84.38830015,0
19,-102.1760031,-80.3613859,0
20,-101.0982623,-77.51223582,0
0,-90,-90,2.5
1,-95.10075805,-76.88005358,2.5
2,-97.47836946,-76.39509187,2.5
3,-102.8753006,-52.70990807,2.5
4,-113.5704384,-36.15192948,2.5
5,-123.0315219,-27.69107955,2.5
6,-116.6967095,-65.44881314,2.5
7,-113.6609357,-98.7899311,2.5
8,-119.2964507,-48.24999229,2.5
9,-143.130154,-16.89202134,2.5
10,-148.6916257,-52.64928785,2.5
11,-135.503698,-88.22469372,2.5
12,-136.2359036,-18.77990802,2.5
13,-151.2090966,-7.660428678,2.5
14,-138.909688,-37.21711325,2.5
15,-123.7143653,-72.9570597,2.5
16,-120.6703645,-87.15950995,2.5
17,-120.0533373,-83.28847625,2.5
18,-119.4774453,-79.88508421,2.5
19,-119.1565912,-77.68543643,2.5
20,-119.5679426,-75.60702908,2.5
0,-90,-90,5
1,-90.46894066,-88.0774732,5
2,-90.29617305,-87.16816998,5
3,-90.21390276,-46.46602597,5
4,-100.6375486,-27.18879777,5
5,-107.3178963,-51.42822353,5
6,-100.9254947,-85.76524502,5
7,-98.3092994,-83.5569372,5
8,-103.3195601,-23.00600297,5
9,-103.3606953,-1.399226526,5
10,-101.7975597,-42.47375185,5
11,-92.37761141,-82.16267227,5
12,-93.80088745,-80.75974731,5
13,-90.58411907,-22.42578092,5
14,-87.43316692,-0.429303094,5
15,-93.72684419,-31.8045941,5
16,-81.40275458,-68.44518374,5
17,-82.90830091,-71.84857578,5
18,-83.60759838,-71.55413474,5
19,-80.71168414,-68.02950227,5
20,-81.46034379,-66.55729706,5
0,-90,-90,0
1,-88.5026807,-83.54827717,0
2,-91.63717879,-56.00071971,0
3,-89.95063783,-28.18470129,0
4,-93.19208729,-7.911569567,0
5,-100.6622297,-35.0261255,0
6,-103.9941765,-59.29153135,0
7,-99.95470522,-102.0374426,0
8,-104.8826957,-67.13751911,0
9,-98.99214281,-32.08171508,0
10,-98.35043454,-8.041470026,0
11,-97.34673699,-29.31050528,0
12,-99.4117213,-61.14477791,0
13,-95.63551494,-93.57659265,0
14,-96.65566655,-84.6567611,0
15,-90.61702718,-50.11189887,0
16,-84.21639854,-18.27762624,0
17,-80.12756507,-14.83093405,0
18,-90.54298392,-41.93682995,0
19,-86.01811791,-66.82575801,0
20,-85.48336102,-77.74605664,0
0,-90,-90,2.5
1,-91.2422814,-88.31995406,2.5
2,-100.2344242,-67.35401988,2.5
3,-97.47836946,-37.41629396,2.5
4,-93.73507121,-13.60986973,2.5
5,-94.96089855,-32.51471661,2.5
6,-104.1093549,-62.76420364,2.5
7,-102.1266409,-82.63031393,2.5
8,-115.5366984,-71.66671514,2.5
9,-107.803291,-33.67516072,2.5
10,-108.0254208,-14.42391261,2.5
11,-100.1439269,-25.5866921,2.5
12,-108.2393235,-61.88088051,2.5
13,-106.684415,-82.66495405,2.5
14,-117.8155854,-39.13964005,2.5
15,-106.9312259,-14.12081154,2.5
16,-105.3351823,5.000536117,2.5
17,-109.514513,-19.43807035,2.5
18,-110.4770754,-36.04800911,2.5
19,-106.8654097,-54.37263395,2.5
20,-108.3874101,-52.20762629,2.5
0,-90,-90,5
1,-88.87289701,-86.65722817,5
2,-101.1393974,-57.79334605,5
3,-98.53965621,-32.42811631,5
4,-105.6149012,-15.2985757,5
5,-104.7839713,-31.35427251,5
6,-111.472546,-57.213124,5
7,-106.2730636,-79.41744256,5
8,-84.22462557,-102.6436447,5
9,-86.52819372,-69.05138588,5
10,-83.84618223,-40.68112551,5
11,-90.14808652,-32.89575796,5
12,-94.02301723,-53.15156963,5
13,-99.51044565,-71.7966156,5
14,-92.68201149,-89.17729709,5
15,-102.5544464,-40.23080391,5
16,-97.03410989,-5.486760987,5
17,-98.03780744,8.715689262,5
18,-95.1172121,-12.59664614,5
19,-100.4894621,-34.20342259,5
20,-98.72887788,-58.73728939,5
0,-90,-90,0
1,-89.53105934,-98.78127107,0
2,-105.0143281,-84.99450229,0
3,-101.7893327,-49.19393563,0
4,-101.600111,-34.09084219,0
5,-97.74986142,-47.89493103,0
6,-99.96293225,-62.16666152,0
7,-96.84488822,-77.2524349,0
8,-97.37964511,-84.06787901,0
9,-102.7601221,-58.01850685,0
10,-102.7436681,-28.46182227,0
11,-108.9797562,-10.31905808,0
12,-102.71076,-24.38294784,0
13,-103.1550195,-39.59862168,0
14,-102.0937328,-63.8553675,0
15,-101.4602515,-69.27654668,0
16,-108.6013128,-54.6410949,0
17,-110.7897026,-26.84239654,0
18,-111.768719,-20.70243482,0
19,-119.0743209,-1.988108609,0
20,-121.0570349,-22.57300144,0
0,-90,-90,2.5
1,-90.71575153,-88.52779479,2.5
2,-103.4841007,-68.06414239,2.5
3,-110.0904051,-32.66193713,2.5
4,-114.7222225,-1.823568027,2.5
5,-108.4943614,-11.62672271,2.5
6,-108.2804587,-30.15918828,2.5
7,-102.0608247,-51.35894329,2.5
8,-103.5828251,-63.15390502,2.5
9,-115.9727309,-48.03349152,2.5
10,-120.1602887,-14.70103359,2.5
11,-120.6045483,4.922595841,2.5
12,-115.9398228,6.559341632,2.5
13,-113.6527087,-17.4462633,2.5
14,-110.073951,-36.35977022,2.5
15,-108.4120911,-44.23173807,2.5
16,-121.09817,-30.25444862,2.5
17,-124.8661494,2.835528457,2.5
18,-126.182474,19.23762649,2.5
19,-125.2199116,-2.551010601,2.5
20,-120.1356076,-26.9982771,2.5
0,-90,-90,5
1,-89.12793491,-86.95166921,5
2,-95.0020337,-75.57238895,5
3,-103.7720467,-47.73039045,5
4,-109.8765023,-16.85738122,5
5,-108.1570532,-49.14197544,5
6,-99.91357007,-62.33986214,5
7,-109.3170643,-69.6229479,5
8,-113.4388059,-48.92547468,5
9,-116.1372715,-11.77394323,5
10,-104.8991497,-6.144923316,5
11,-96.73793684,-36.78411172,5
12,-92.24597895,-51.3069831,5
13,-99.32122398,-46.63922659,5
14,-103.6980035,-10.61349913,5
15,-106.2072473,35.62240446,5
16,-101.4191164,8.369288036,5
17,-91.19291922,-18.70196774,5
18,-70.45257884,-45.93776411,5
19,-66.10048044,-42.30055124,5
20,-66.53651298,-43.06263393,5
0,-90,-90,0
1,-90.48602757,-87.46767381,0
2,-90.24301378,-43.64405507,0
3,-90.97205513,24.18690061,0
4,-91.87323124,29.20732022,0
5,-95.29567535,-32.38681462,0
6,-94.66788975,-57.4336217,0
7,-94.31349465,-15.48989576,0
8,-95.87283309,38.66207521,0
9,-96.96639511,35.13451166,0
10,-99.36615621,-21.7267166,0
11,-102.3025728,-60.16499537,0
12,-103.7100276,-43.22384373,0
13,-107.0109648,8.152520807,0
14,-107.6893783,37.40144121,0
15,-105.2389893,9.225165526,0
16,-107.4666156,-38.45776256,0
17,-107.4159878,-72.26265848,0
18,-106.3933048,-68.17112708,0
19,-105.3807473,-62.85213626,0
20,-105.5225054,-59.55679475,0
0,-90,-90,2.5
1,-89.34183767,-87.44555742,2.5
2,-85.55487289,-73.40165235,2.5
3,-87.26609494,-31.20358798,2.5
4,-86.17253292,11.20458207,2.5
5,-83.81327411,-7.428473088,2.5
6,-82.63870749,-40.93479779,2.5
7,-80.85660642,-62.95165999,2.5
8,-81.11987135,-92.89724656,2.5
9,-77.2822787,-32.2651745,2.5
10,-80.15794179,8.871303351,2.5
11,-78.70998467,-21.36179623,2.5
12,-76.50260948,-55.92970746,2.5
13,-73.44468604,-74.97191575,2.5
14,-77.97081775,-57.19034146,2.5
15,-84.04616232,0.621891394,2.5
16,-82.9526003,32.2372651,2.5
17,-82.2033078,-18.79629546,2.5
18,-83.6613905,-60.67367224,2.5
19,-84.81570597,-64.53298159,2.5
20,-85.17010107,-62.45404131,2.5
0,-90,-90,5
1,-90.64803675,-87.31285911,5
2,-89.66585605,-83.74106278,5
3,-94.11098316,-67.07636597,5
4,-108.884196,-26.85771814,5
5,-105.816147,11.59161882,5
6,-95.91333538,-38.98855583,5
7,-88.33940582,-63.4161041,5
8,-94.70839204,-26.39327403,5
9,-102.7683492,17.46351929,5
10,-98.33334764,8.90447793,5
11,-90.59740888,-20.05692946,5
12,-76.95826032,-40.03908416,5
13,-62.34705662,-61.55832768,5
14,-74.08259722,-6.123606318,5
15,-74.39649002,27.84716249,5
16,-72.18911483,8.174637193,5
17,-60.31181619,-18.48666606,5
18,-46.42965385,-50.74341495,5
19,-46.66254205,-46.79564006,5
20,-46.79417452,-45.18114389,5
0,-90,-90,0
1,-89.56460031,-88.30809648,0
2,-82.41594486,-18.95111016,0
3,-73.03966307,44.64455761,0
4,-80.25919754,17.18706446,0
5,-80.14781622,-25.99517909,0
6,-79.97568146,-52.88870439,0
7,-79.19601224,-38.25871509,0
8,-82.04129861,4.304269654,0
9,-77.68730167,26.48700475,0
10,-90.57715773,-19.82470741,0
11,-92.07574273,-74.88345021,0
12,-86.82056967,-123.3183354,0
13,-88.11664318,-80.5673614,0
14,-91.30619908,-33.10559717,0
15,-84.08666462,-3.248476145,0
16,-92.28837979,-31.99977787,0
17,-91.89348239,-83.78529555,0
18,-92.27825421,-104.9285605,0
19,-91.71122205,-102.1087213,0
20,-91.75172435,-97.90660797,0
0,-90,-90,2.5
1,-90.15188361,-87.51190658,2.5
2,-90.32401838,-40.01696777,2.5
3,-97.34104136,16.53463108,2.5
4,-101.6039081,-5.382707389,2.5
5,-97.67518531,-43.5998223,2.5
6,-96.88539051,-52.15886365,2.5
7,-100.5913507,-12.96862777,2.5
8,-105.8363982,41.32709972,2.5
9,-106.079412,9.346805648,2.5
10,-104.6314548,-15.68894324,2.5
11,-100.5812251,-38.25871509,2.5
12,-106.0287841,-27.98565382,2.5
13,-112.0737519,19.42081944,2.5
14,-108.6918101,15.93748866,2.5
15,-110.9194365,-25.6523751,2.5
16,-107.8210107,-51.60595401,2.5
17,-107.4362389,-49.67077024,2.5
18,-107.2641042,-47.12738585,2.5
19,-107.4261133,-45.18114389,2.5
20,-107.1122205,-42.72622505,2.5
0,-90,-90,5
1,-89.61522818,-86.6936003,5
2,-92.77440735,-39.4972327,5
3,-96.065219,12.37675052,5
4,-97.15878102,6.250511617,5
5,-85.64600306,-38.00437665,5
6,-90.23288821,-66.7225038,5
7,-95.03241042,-46.64082536,5
8,-96.39936295,22.37335697,5
9,-96.7335069,31.20885315,5
10,-102.5050842,-24.10422809,5
11,-107.6893783,-56.1729877,5
12,-109.2790934,-47.24902598,5
13,-113.5723369,21.02425743,5
14,-117.0960368,9.601144087,5
15,-112.7116631,-46.46389427,5
16,-112.8129189,-70.07313627,5
17,-110.8789342,-66.44604897,5
18,-110.5144135,-64.55509797,5
19,-111.9927474,-64.99742569,5
20,-112.0636264,-60.81742875,5
0,-90,-90,0
1,-90.27971899,-87.74839203,0
2,-89.75318913,-86.01638591,0
3,-89.4899242,-58.90182997,0
4,-104.3397117,6.290880682,0
5,-109.0620264,-4.655398046,0
6,-104.9238308,-72.71457884,0
7,-107.3837125,-78.88052066,0
8,-106.5281015,-73.39006123,0
9,-113.0603626,-28.19336132,0
10,-105.8617121,12.81188375,0
11,-99.49399159,-21.8282388,0
12,-99.65030514,-53.88767223,0
13,-98.53965621,-51.24636289,0
14,-96.9518396,-10.59617906,0
15,-105.3022741,27.70713645,0
16,-103.8214089,40.25552085,0
17,-103.566371,9.832833214,0
18,-103.4265115,-11.63538274,0
19,-101.9291922,-26.25351446,0
20,-101.6165651,-30.24578859,0
0,-90,-90,2.5
1,-89.59687557,-86.97764931,2.5
2,-90.68284342,-85.17636293,2.5
3,-91.2998706,-48.40587284,2.5
4,-100.176835,-15.80951751,2.5
5,-99.93002413,-34.20342259,2.5
6,-90.60057312,-62.63430318,2.5
7,-90.53475689,-83.40105665,2.5
8,-93.86670368,-64.64343029,2.5
9,-100.0863377,-14.27669209,2.5
10,-101.9703274,9.425811774,2.5
11,-102.6943059,-12.38014538,2.5
12,-99.88888899,-42.23993102,2.5
13,-98.06248853,-58.19170746,2.5
14,-101.6659273,-19.69787127,2.5
15,-107.6387504,12.31826201,2.5
16,-105.8863932,19.03844578,2.5
17,-100.2755594,-7.902909536,2.5
18,-99.41994833,-32.48873652,2.5
19,-99.59271594,-49.54899688,2.5
20,-99.61739703,-46.82974726,2.5
0,-90,-90,5
1,-90.37021631,-87.16816998,5
2,-89.11970789,-70.22049002,5
3,-88.98807542,-33.27679931,5
4,-86.34719908,2.315926619,5
5,-86.48705857,-14.78763389,5
6,-93.20031432,-57.48158495,5
7,-96.59807734,-55.58503824,5
8,-98.18589396,18.70936462,5
9,-95.37225001,30.07132482,5
10,-94.65649847,-10.77803971,5
11,-90.72397856,-43.19253439,5
12,-90.78979479,-38.64601831,5
13,-84.00249578,23.96600322,5
14,-81.21353291,27.23083477,5
15,-85.09669065,-11.08980081,5
16,-85.52449617,-25.3875114,5
17,-84.73470137,-36.87071203,5
18,-84.95683116,-32.57533683,5
19,-84.86633384,-30.35836898,5
20,-83.77213897,-29.90804739,5
0,-90,-90,0
1,-88.8399889,-87.97355283,0
2,-89.65446478,-86.23288667,0
3,-89.35829173,-53.96561251,0
4,-88.2476428,-19.03104891,0
5,-89.21020521,-27.44859869,0
6,-90.35376225,-40.23946394,0
7,-86.91486408,-61.67303978,0
8,-87.66352373,-60.9455972,0
9,-86.96422626,-13.96493098,0
10,-81.28757617,10.5342957,0
11,-89.11970789,-7.452587943,0
12,-87.29330742,-32.09037511,0
13,-89.04566462,-61.21405815,0
14,-85.72194486,-21.69833834,0
15,-83.59937135,1.484563677,0
16,-85.65612863,2.082105792,0
17,-84.01072281,-28.61770283,0
18,-85.89471248,-51.1944027,0
19,-86.74209647,-50.42365998,0
20,-87.43316692,-49.34115615,0
0,-90,-90,2.5
1,-89.26779441,-87.53189127,2.5
2,-89.46524311,-85.17636293,2.5
3,-90.66638936,-82.63031393,2.5
4,-91.27518951,-32.84379778,2.5
5,-90.32908116,0.869701502,2.5
6,-98.10362367,-34.86158492,2.5
7,-94.29450919,-63.8553675,2.5
8,-94.79635797,-73.72780243,2.5
9,-90.46894066,-13.24614844,2.5
10,-84.67711217,13.99830795,2.5
11,-97.30560185,-9.418414898,2.5
12,-93.69393607,-32.75719747,2.5
13,-94.03124426,-32.47141646,2.5
14,-79.71621362,-8.032809996,2.5
15,-88.09955628,-32.51471661,2.5
16,-90.98724349,-62.38316229,2.5
17,-90.65816233,-54.74501527,2.5
18,-91.18469219,-56.07865998,2.5
19,-90.7075245,-55.57637821,2.5
20,-90.89674617,-54.4159341,2.5
0,-90,-90,5
1,-90.78979479,-88.34593415,5
2,-93.14272512,-88.19871363,5
3,-92.67378446,-25.46545167,5
4,-90.88029211,17.12457901,5
5,-103.1467925,-2.221929436,5
6,-100.752727,-38.91447926,5
7,-100.6457757,-51.80926488,5
8,-96.78729901,-8.110750271,5
9,-99.03327796,44.47295577,5
10,-111.8345353,-6.950306166,5
11,-108.7329453,-30.1072281,5
12,-107.6469774,11.90258054,5
13,-109.7613239,56.89143971,5
14,-126.9640418,-8.604372018,5
15,-127.3507121,-40.27410407,5
16,-128.5107233,-36.96597236,5
17,-129.1771126,-34.9135451,5
18,-128.3461827,-32.99967833,5
19,-128.444907,-31.17241186,5
20,-128.5107233,-29.49236592,5
0,-90,-90,0
1,-88.62608614,-88.48449464,0
2,-87.24394525,-87.74839203,0
3,-91.44795712,-58.90182997,0
4,-91.05305973,-13.32408872,0
5,-89.10325383,-56.07865998,0
6,-89.16084303,-67.71774116,0
7,-90.65816233,-47.97287131,0
8,-90.18922167,-23.08394325,0
9,-89.59687557,5.745298752,0
10,-81.72360872,-17.90524492,0
11,-81.45211676,-49.83477789,0
12,-82.19254938,-12.25890495,0
13,-79.14032158,20.67519157,0
14,-82.9905712,8.585788802,0
15,-88.46977259,-16.12993864,0
16,-87.46607503,-27.71705964,0
17,-88.01728599,-30.04660788,0
18,-88.73303752,-29.50102595,0
19,-88.03374004,-27.56117909,0
20,-88.42863744,-24.20974723,0
0,-90,-90,2.5
1,-90.4524866,-87.41931087,2.5
2,-92.76428178,-70.497611,2.5
3,-100.0369755,-42.3178713,2.5
4,-99.97115928,-9.193254101,2.5
5,-103.9283603,-30.91261095,2.5
6,-96.82020713,-50.76140117,2.5
7,-97.5195046,-82.45711331,2.5
8,-98.10362367,-84.48356048,2.5
9,-95.98105016,-61.0581776,2.5
10,-97.8568128,-39.17428018,2.5
11,-101.87983,-72.09105664,2.5
12,-105.6231283,-113.5985835,2.5
13,-111.5054541,-100.3747167,2.5
14,-112.5256057,-58.92781006,2.5
15,-115.158255,-64.67807041,2.5
16,-114.5165467,-76.0660107,2.5
17,-110.1726754,-105.553415,2.5
18,-106.676188,-87.35869065,2.5
19,-109.7448699,-87.45395099,2.5
20,-109.514513,-85.96442572,2.5
0,-90,-90,5
1,-92.64910337,-92.67594947,5
2,-91.93335184,-91.16910414,5
3,-90.35376225,-56.17392032,5
4,-78.75365121,0.947641778,5
5,-87.19458307,-17.2470826,5
6,-87.9926049,-54.23407346,5
7,-91.2998706,-65.2409724,5
8,-84.39739318,-9.401094837,5
9,-83.87909034,-12.57066605,5
10,-87.15344793,-53.69715156,5
11,-78.96755397,-72.55003826,5
12,-77.74172663,-4.023215809,5
13,-64.94869637,0.341439633,5
14,-65.0721018,-6.023682887,5
15,-61.81419828,-31.36293254,5
16,-61.0573116,-57.22178403,5
17,-64.52089085,-42.49107191,5
18,-63.78045823,-40.71576563,5
19,-61.83887936,-40.83700606,5
20,-56.63939697,-37.58083454,5
0,-90,-90,0
1,-90.36198928,-86.25886676,0
2,-90.86383806,-88.9261562,0
3,-90.18922167,-38.14373653,0
4,-93.60343875,-10.22379775,0
5,-95.17480131,-15.56703665,0
6,-88.84821592,-53.85303211,0
7,-89.39942688,-84.22375956,0
8,-92.71491961,-63.87268756,0
9,-89.73673507,-32.07305505,0
10,-97.37141808,3.233889867,0
11,-97.067018,-32.32419594,0
12,-95.38047704,-60.99755739,0
13,-95.1172121,-63.01534453,0
14,-94.12174158,-26.14093406,0
15,-98.18589396,0.835061379,0
16,-101.8386949,16.14599555,0
17,-96.15381777,-27.50055887,0
18,-92.55037902,-56.21722047,0
19,-90.74865965,-77.40831545,0
20,-91.58781662,-76.56829248,0
0,-90,-90,2.5
1,-89.67914586,-87.739732,2.5
2,-87.97615084,-83.88601837,2.5
3,-80.23451645,-27.24941798,2.5
4,-96.22786103,4.082572869,2.5
5,-94.12996861,0.367419725,2.5
6,-83.45951186,-38.43817757,2.5
7,-80.10288398,-59.06637056,2.5
8,-72.6162875,-50.64882077,2.5
9,-78.94287288,-14.4498927,2.5
10,-83.88731737,2.203346221,2.5
11,-73.45544446,-23.48230466,2.5
12,-71.45627639,-49.41043639,2.5
13,-75.06794217,-62.1320214,2.5
14,-73.0687741,-21.19605657,2.5
15,-80.44019218,3.81411192,2.5
16,-80.04529478,-16.09529852,2.5
17,-75.36411522,-36.03068905,2.5
18,-72.64919561,-54.952856,2.5
19,-69.01284875,-48.03349152,2.5
20,-70.18108688,-49.68755737,2.5
0,-90,-90,5
1,-96.44999082,-95.19601838,5
2,-95.32288783,-94.37331547,5
3,-92.9946386,-29.10266454,5
4,-101.7646516,-3.971255626,5
5,-83.6980957,-36.88803209,5
6,-87.06295061,-70.74009186,5
7,-88.79885375,-50.5708805,5
8,-105.6724905,-11.72198305,5
9,-106.2154744,-16.66686054,5
10,-105.6231283,-57.96654666,5
11,-103.7391386,-60.27877484,5
12,-107.9678316,-17.36832303,5
13,-106.8654097,-2.663590999,5
14,-96.05509342,-44.56947926,5
15,-103.558144,-87.48859111,5
16,-102.2665004,-86.08566615,5
17,-102.8341654,-87.50591118,5
18,-100.3742837,-86.68320827,5
19,-98.53965621,-84.19777947,5
20,-93.48826034,-77.84997701,5
0,-90,-90,0
1,-89.53105934,-88.77893568,0
2,-88.76594563,-85.92112557,0
3,-89.95886485,-53.04764926,0
4,-89.44878905,-28.27996163,0
5,-88.21473468,-38.92313929,0
6,-87.05472358,-56.68486213,0
7,-88.54381585,-66.44471666,0
8,-88.36282121,-26.42671507,0
9,-90.3948974,-0.429303094,0
10,-97.47014243,-16.71882073,0
11,-99.32945101,-42.82881311,0
12,-98.07894258,-61.62973962,0
13,-99.97115928,-55.03079628,0
14,-106.1743392,-38.47281769,0
15,-107.9842856,-26.78177633,0
16,-107.4413017,-48.22401219,0
17,-106.7584583,-57.22178403,0
18,-104.9567389,-47.06356809,0
19,-105.7053986,-45.53074267,0
20,-105.3022741,-42.10137053,0
0,-90,-90,2.5
1,-85.29413935,-81.16676875,2.5
2,-85.04732848,-79.14032158,2.5
3,-86.93954517,-61.18807806,2.5
4,-91.39859495,-27.26673805,2.5
5,-93.49648737,-5.971722703,2.5
6,-89.26779441,-26.16691416,2.5
7,-84.26576071,-58.97977025,2.5
8,-82.34886293,-75.39052831,2.5
9,-84.12590122,-79.15764164,2.5
10,-99.18136448,-42.06673041,2.5
11,-98.38334266,-28.97276408,2.5
12,-99.0168239,-43.01067375,2.5
13,-93.71861716,-72.39415771,2.5
14,-95.28997972,-93.42937213,2.5
15,-96.64743952,-90.1991807,2.5
16,-104.8826957,-45.70394328,2.5
17,-110.7814755,-24.3136676,2.5
18,-100.185062,-73.45934148,2.5
19,-97.27269373,-94.39063553,2.5
20,-98.3092994,-93.61989281,2.5
0,-90,-90,5
1,-90.1974487,-87.92159265,5
2,-91.60427068,-76.88005358,5
3,-109.6296915,-32.31553591,5
4,-109.6050104,-16.93532149,5
5,-99.34590507,-55.21265692,5
6,-98.24348317,-76.66355281,5
7,-100.7115919,-80.24014547,5
8,-102.2089112,-27.94222044,5
9,-112.904049,-11.78260326,5
10,-118.5313369,-29.52700604,5
11,-110.9789242,-61.37859874,5
12,-109.3664265,-78.35225879,5
13,-110.1726754,-82.61299386,5
14,-127.1697175,-13.35872884,5
15,-125.9521172,-1.875528211,5
16,-126.9064526,-28.47048231,5
17,-120.6292294,-38.22167681,5
18,-120.1026995,-52.76186825,5
19,-118.5889261,-61.31797852,5
20,-118.0788503,-62.27058189,5
0,-90,-90,0
1,-88.8975781,-86.48402756,0
2,-88.14069142,-82.34453291,0
3,-86.65982618,-34.95684525,0
4,-91.57136256,-8.803552722,0
5,-90.6499353,33.73451778,0
6,-92.76428178,9.694272724,0
7,-84.17526339,-29.95134754,0
8,-84.8005176,20.29415023,0
9,-85.14605283,47.67716711,0
10,-84.58661485,51.83398182,0
11,-76.84498046,-26.96363697,0
12,-75.03503405,-45.4268223,0
13,-74.41800687,-43.91997697,0
14,-94.05592535,36.50572758,0
15,-97.25623967,40.10830033,0
16,-87.48252909,-20.41665381,0
17,-85.43399885,-27.47457878,0
18,-83.1304307,-30.32372886,0
19,-81.03253827,-33.55392029,0
20,-82.18432235,-33.09493867,0
0,-90,-90,2.5
1,-88.29700497,-85.04646247,2.5
2,-88.53558882,-83.88601837,2.5
3,-88.35459418,-82.04143184,2.5
4,-88.16537251,-78.56875956,2.5
5,-83.05638743,-40.25678401,2.5
6,-77.21519677,-2.689571091,2.5
7,-84.52079861,-30.97323116,2.5
8,-73.80920672,-74.58514546,2.5
9,-65.24486941,-89.52369831,2.5
10,-54.26178556,-32.78317756,2.5
11,-54.86235868,10.98461729,2.5
12,-57.06720248,-7.400627759,2.5
13,-45.37659412,-57.89726642,2.5
14,-36.89452711,-77.52089585,2.5
15,-42.2914582,-40.22214388,2.5
16,-60.02070593,1.79632478,2.5
17,-60.24283572,16.40579647,2.5
18,-71.94167111,-30.22846853,2.5
19,-72.37770365,-64.55682998,2.5
20,-67.04658879,-78.62071974,2.5
0,-90,-90,5
1,-92.3447033,-101.6650613,5
2,-89.96709188,-98.39156969,5
3,-92.24597895,-95.04013783,5
4,-94.17933079,-91.74932619,5
5,-126.6267336,-12.78716682,5
6,-123.2207435,-9.080673703,5
7,-123.2865598,-45.57404282,5
8,-119.4445372,-63.39638587,5
9,-116.8036608,-65.61335372,5
10,-122.2746352,-0.134862052,5
11,-112.887595,16.07671531,5
12,-117.5770016,-11.73064308,5
13,-110.4935295,-54.16479321,5
14,-107.0464043,-51.23770286,5
15,-111.2175081,6.79316246,5
16,-94.65649847,30.43504611,5
17,-107.4577558,8.767649445,5
18,-100.2755594,-22.98868291,5
19,-101.2874839,-35.82284832,5
20,-100.9830839,-44.14513776,5
0,-90,-90,0
1,-89.70382695,-88.13809341,0
2,-89.02098354,-84.04189892,0
3,-82.62858192,-30.66147006,0
4,-98.86873738,-15.35053589,0
5,-109.4157887,-63.82938741,0
6,-104.5536145,-109.6582696,0
7,-98.41625078,-130.6068837,0
8,-106.1990203,-74.29070442,0
9,-97.05879097,-31.44953285,0
10,-94.82103906,-24.84192947,0
11,-87.63061562,-65.7778943,0
12,-82.80134953,-86.45804747,0
13,-86.79145865,-26.93765688,0
14,-90.12340544,15.13277197,0
15,-86.06748009,15.18473215,0
16,-84.73470137,-25.72525259,0
17,-84.66065811,-46.60458646,0
18,-84.55370673,-42.77685292,0
19,-84.6853392,-39.50336134,0
20,-84.43852832,-37.08721279,0
0,-90,-90,2.5
1,-88.87289701,-84.98584226,2.5
2,-89.06211868,-83.32311638,2.5
3,-92.262433,-50.43232001,2.5
4,-88.56026991,-6.759785492,2.5
5,-89.81900536,-0.706424074,2.5
6,-90.1974487,-25.65597235,2.5
7,-89.42410796,-48.5357733,2.5
8,-89.17729709,-51.1078024,2.5
9,-92.83009801,-8.465811528,2.5
10,-93.01931968,28.60777964,2.5
11,-92.9946386,31.63013033,2.5
12,-92.7971899,-2.525030509,2.5
13,-86.18265849,-24.81594938,2.5
14,-89.35829173,-20.31273344,2.5
15,-89.98354594,21.29005375,2.5
16,-90.92142726,54.04228963,2.5
17,-92.7971899,56.69225901,2.5
18,-93.40599005,18.57080413,2.5
19,-86.05102603,-8.283950884,2.5
20,-85.62322051,-13.11624798,2.5
0,-90,-90,5
1,-89.91772971,-86.2415467,5
2,-89.64623775,-82.94207503,5
3,-96.17027183,-66.02903519,5
4,-95.42161218,-35.12138584,5
5,-95.80828255,-28.10676102,5
6,-89.71205398,-54.82295554,5
7,-87.63884265,-74.81030626,5
8,-87.58125344,-71.56279477,5
9,-85.51626914,-17.46358336,5
10,-90.49362175,15.34927273,5
11,-93.17563324,-9.097993764,5
12,-92.36115735,-41.9801301,5
13,-93.41421708,-49.86941802,5
14,-93.63634687,-48.90815461,5
15,-95.22416348,-5.6599616,5
16,-95.77537443,5.390237496,5
17,-92.07321134,-12.81314691,5
18,-93.15095215,-43.66017605,5
19,-91.79349235,-44.75133991,5
20,-92.92882236,-41.54712857,5
0,-90,-90,0
1,-90.04936217,-87.48859111,0
2,-90.53475689,-85.37554364,0
3,-91.92512481,-45.27094175,0
4,-95.32288783,-1.087465423,0
5,-97.37141808,-2.308529743,0
6,-102.5955816,-45.53074267,0
7,-99.18959151,-80.94160795,0
8,-99.55158079,-71.82259569,0
9,-104.8662416,-21.79359868,0
10,-104.1175819,0.56660043,0
11,-110.0410429,-39.0963399,0
12,-103.4100574,-83.02867534,0
13,-103.278425,-81.02820826,0
14,-106.972361,-27.85562013,0
15,-104.9485119,4.90527578,0
16,-113.4223519,-27.89026025,0
17,-106.94768,-75.82352984,0
18,-108.642448,-92.24294794,0
19,-108.7576264,-91.50684533,0
20,-108.8974859,-89.25523736,0
0,-90,-90,2.5
1,-90.0575892,-88.35459418,2.5
2,-90.01645406,-86.07700612,2.5
3,-89.58042152,-83.98127871,2.5
4,-93.24144947,-27.79499992,2.5
5,-88.5026807,3.736171644,2.5
6,-89.53105934,-9.608935572,2.5
7,-87.6552967,-53.41137055,2.5
8,-88.04196707,-63.6302067,2.5
9,-85.44222587,11.82464026,2.5
10,-87.67997779,38.33299405,2.5
11,-88.12423736,27.98425743,2.5
12,-87.11231278,-3.607534339,2.5
13,-78.29293758,-23.56024493,2.5
14,-78.92641882,24.12188377,2.5
15,-79.94657043,57.94796345,2.5
16,-79.92188934,59.99173068,2.5
17,-80.40728406,28.34797872,2.5
18,-76.97661292,-1.892848272,2.5
19,-75.48752065,0.540620338,2.5
20,-75.68496935,1.856944995,2.5
0,-90,-90,5
1,-89.86014051,-88.2766539,5
2,-89.00452948,-86.30216692,5
3,-90.27971899,-30.92127098,5
4,-90.54298392,-9.834096369,5
5,-92.04030322,-10.44029851,5
6,-99.72434841,-17.16048229,5
7,-97.03410989,-46.89902751,5
8,-88.87289701,-65.18901222,5
9,-92.8547791,-16.44169975,5
10,-93.82556854,5.85787915,5
11,-106.4376042,-33.20751907,5
12,-101.6577002,-70.85267226,5
13,-109.210113,-58.92781006,5
14,-112.2129786,-27.26673805,5
15,-111.6782217,-6.404724235,5
16,-111.5959514,-49.10733532,5
17,-107.7539288,-81.30532924,5
18,-101.6577002,-77.29573505,5
19,-104.2821225,-77.75471668,5
20,-103.4841007,-74.74968604,5
0,-90,-90,0
1,-90.78156777,-89.50637825,0
2,-91.71122205,-87.43663093,0
3,-97.80745062,-61.5084992,0
4,-92.88768722,-17.39430312,0
5,-95.28175269,-0.576523615,0
6,-101.8386949,-41.64238891,0
7,-98.67951571,-63.24050532,0
8,-97.70049924,-27.14549762,0
9,-104.0929009,13.43540596,0
10,-99.77371058,10.36975511,0
11,-101.024219,-32.71389732,0
12,-97.36319105,-41.54712857,0
13,-99.07441311,-38.32559717,0
14,-93.55407657,9.070750518,0
15,-92.60796823,4.697435045,0
16,-88.01728599,-27.23209792,0
17,-83.63227947,-60.01897393,0
18,-81.78942495,-57.37766458,0
19,-81.31225726,-56.69352216,0
20,-82.11850611,-59.7851531,0
0,-90,-90,2.5
1,-90.68284342,-88.96079632,2.5
2,-91.12710299,-86.90836906,2.5
3,-90.67461639,-85.29760336,2.5
4,-92.50924388,-39.90172275,2.5
5,-92.95350345,-20.03561246,2.5
6,-93.43889817,-47.47924956,2.5
7,-91.89221669,-74.09152371,2.5
8,-103.1056574,-87.1162098,2.5
9,-107.6881126,-83.34043644,2.5
10,-108.4614533,-34.86158492,2.5
11,-110.3125349,-19.22156958,2.5
12,-114.878536,-38.94911938,2.5
13,-110.9789242,-83.40105665,2.5
14,-113.9488817,-83.40971668,2.5
15,-114.9114441,-67.7004211,2.5
16,-117.5029583,-28.46182227,2.5
17,-121.4683863,-16.02601828,2.5
18,-124.0105383,-49.62693716,2.5
19,-123.2783327,-71.36361406,2.5
20,-123.8130896,-67.10287899,2.5
0,-90,-90,5
1,-89.13616194,-93.49865238,5
2,-91.33277872,-92.90977029,5
3,-101.2052136,-72.29889737,5
4,-121.0241268,-29.83010712,5
5,-112.8217787,-42.43911173,5
6,-110.9542431,-76.66355281,5
7,-112.6819192,-75.36454822,5
8,-110.1397673,-33.69248078,5
9,-112.2294326,4.922595841,5
10,-114.1874656,-0.567863584,5
11,-105.4832688,-46.6998468,5
12,-104.3150306,-60.41733533,5
13,-104.0764468,-52.94372889,5
14,-113.9324277,0.462680062,5
15,-117.9554449,7.485964911,5
16,-109.506286,-27.43127863,5
17,-107.0875395,-47.31470898,5
18,-107.1451287,-46.04168447,5
19,-106.1743392,-43.36573501,5
20,-106.5034204,-40.74174572,5
0,-90,-90,0
1,-90.35376225,-87.6531317,0
2,-90.46894066,-84.4316003,0
3,-95.2570716,-62.87678404,0
4,-99.40349427,-12.85644706,0
5,-100.4812351,-20.21747311,0
6,-95.75069335,-59.50803212,0
7,-92.53392497,-72.31621743,0
8,-94.03947129,-47.85163088,0
9,-98.96746173,-7.002266349,0
10,-99.96293225,-1.45984674,0
11,-101.6247921,-35.24262627,0
12,-94.77990391,-62.01078097,0
13,-99.4693105,-57.05724345,0
14,-100.0698836,-20.5552143,0
15,-98.83582926,2.974088947,0
16,-100.9995379,-1.148085637,0
17,-103.9036792,-18.39020664,0
18,-102.4804032,-43.73811632,0
19,-100.2673323,-56.38176106,0
20,-101.0489001,-55.6023583,0
0,-90,-90,2.5
1,-90.37844334,-87.86963246,2.5
2,-90.83915697,-84.12849923,2.5
3,-94.07237941,-58.65934912,2.5
4,-101.6494732,-28.81688353,2.5
5,-99.13200231,-51.44554359,2.5
6,-89.39119985,-74.2560643,2.5
7,-91.95803293,-77.61615619,2.5
8,-93.47180628,-39.84110254,2.5
9,-100.4318729,-17.76668443,2.5
10,-101.3286191,-43.53893562,2.5
11,-99.77371058,-71.42423428,2.5
12,-96.90247742,-80.9849081,2.5
13,-96.42530973,-58.84986979,2.5
14,-103.4100574,-7.123506778,2.5
15,-101.4602515,-9.487695143,2.5
16,-101.9045111,-37.84063546,2.5
17,-97.0094288,-65.33623274,2.5
18,-95.70133117,-62.81616382,2.5
19,-96.74616387,-63.62154667,2.5
20,-97.2068775,-62.75554361,2.5
0,-90,-90,5
1,-89.58042152,-87.06424961,5
2,-90.87206509,-88.74429556,5
3,-100.1603809,-57.76736596,5
4,-107.7786099,-34.95684525,5
5,-115.9069147,-54.92687591,5
6,-110.3125349,-83.86869831,5
7,-107.795064,-98.88519144,5
8,-100.7691811,-106.4713783,5
9,-104.7839713,-77.21779478,5
10,-97.58532084,-36.81009181,5
11,-95.88232581,-44.38761862,5
12,-99.00859687,-74.94886675,5
13,-78.96755397,-110.1259112,5
14,-86.02634494,-97.69010721,5
15,-90.20567573,-49.48837667,5
16,-97.42078026,-34.50652366,5
17,-106.0180257,-54.16479321,5
18,-105.1377336,-78.1011179,5
19,-96.54048814,-82.27525267,5
20,-97.16574235,-83.59157733,5
0,-90,-90,0
1,-89.67914586,-89.24657733,0
2,-94.53309304,-66.15027562,0
3,-93.37308193,-47.39264925,0
4,-92.9123683,-30.85199073,0
5,-95.61083385,-67.2760796,0
6,-90.49362175,-79.52136293,0
7,-90.67461639,-77.21779478,0
8,-96.47467191,-32.27223576,0
9,-90.83092994,-8.959433274,0
10,-90.16454058,-25.9244333,0
11,-85.61499349,-51.85256503,0
12,-78.53152142,-62.72090349,0
13,-79.26372701,-29.73484678,0
14,-72.26252524,11.17513796,0
15,-73.46367149,14.05026814,0
16,-77.51136981,-20.97089577,0
17,-72.2789793,-36.7234915,0
18,-72.28720633,-35.32056654,0
19,-72.15557387,-33.753101,0
20,-72.476428,-31.12911171,0
0,-90,-90,2.5
1,-89.96709188,-88.46717458,2.5
2,-91.39036792,-83.85137825,2.5
3,-95.91523393,-78.38689891,2.5
4,-105.9604365,-55.3771975,2.5
5,-103.9365873,-37.710735,2.5
6,-98.45738592,-35.58036746,2.5
7,-96.03041234,-59.18761098,2.5
8,-91.19291922,-69.34582692,2.5
9,-89.20197818,-78.95846093,2.5
10,-92.58328714,-75.86683,2.5
11,-96.60630437,-48.92547468,2.5
12,-97.33850996,-36.53297083,2.5
13,-97.66759113,-38.96643944,2.5
14,-93.14272512,-69.50170748,2.5
15,-91.67831394,-82.71691423,2.5
16,-91.41504901,-81.06284838,2.5
17,-95.35579595,-39.36480085,2.5
18,-91.72767611,-11.49682225,2.5
19,-91.71944908,-12.05972424,2.5
20,-88.09955628,-43.96327712,2.5
0,-90,-90,5
1,-89.00452948,-88.19871363,5
2,-85.86180436,-80.88098774,5
3,-91.13533002,-45.81652368,5
4,-90.50184878,-24.38294784,5
5,-95.57792574,-40.819686,5
6,-90.83092994,-56.05267989,5
7,-88.17359954,-69.99532922,5
8,-86.93954517,-72.8444793,5
9,-95.67665008,-26.81641645,5
10,-94.7469958,-9.253874316,5
11,-102.5544464,-27.26673805,5
12,-96.68034764,-49.74817759,5
13,-97.02588286,-62.92008419,5
14,-99.30476992,-60.45197546,5
15,-109.5967833,-19.99231231,5
16,-105.6642634,-15.87013772,5
17,-113.0027734,-41.79826946,5
18,-106.0838419,-62.64296321,5
19,-96.04686639,-76.75881315,5
20,-95.93991502,-74.41194485,5
0,-90,-90,0
1,-89.81900536,-90.39836141,0
2,-85.72194486,-83.99859877,0
3,-84.24107962,-87.16816998,0
4,-85.03910145,-39.87574266,0
5,-85.40109073,-4.109816116,0
6,-104.5124793,-50.62284068,0
7,-92.78896287,-64.48754974,0
8,-91.71122205,-58.56408878,0
9,-98.21057505,-27.58715918,0
10,-104.4877983,-5.980382734,0
11,-105.2282309,-37.76269518,0
12,-102.1348679,-66.58327715,0
13,-105.5984472,-68.22002294,0
14,-111.9250326,-37.86661555,0
15,-107.7457018,-2.576990693,0
16,-106.1578852,-8.552411834,0
17,-112.9616382,-28.21934142,0
18,-108.4532263,-43.26181464,0
19,-107.1122205,-39.86708263,0
20,-107.8444261,-35.27726639,0
0,-90,-90,2.5
1,-90.03290812,-87.41931087,2.5
2,-88.8399889,-72.51539814,2.5
3,-95.74246632,-50.16385906,2.5
4,-102.727214,-48.37123272,2.5
5,-102.2911815,-51.33296319,2.5
6,-97.92262903,-81.08016844,2.5
7,-97.18219641,-90.77074273,2.5
8,-99.73257543,-97.30906586,2.5
9,-101.9045111,-87.90427259,2.5
10,-112.0073029,-51.06450224,2.5
11,-110.2384916,-42.44777176,2.5
12,-113.7596601,-49.93869826,2.5
13,-110.904881,-70.96525265,2.5
14,-109.9094104,-80.23148544,2.5
15,-105.7053986,-84.48356048,2.5
16,-104.6358848,-84.24107962,2.5
17,-105.2858201,-53.41137055,2.5
18,-107.9842856,-33.6405206,2.5
19,-107.4083936,-27.56117909,2.5
20,-99.74902949,-56.07865998,2.5
0,-90,-90,5
1,-90.02468109,-87.48859111,5
2,-93.16740621,-83.08063552,5
3,-101.6494732,-43.87667681,5
4,-99.78193761,-40.01430315,5
5,-91.4973193,-58.99709031,5
6,-89.48169717,-76.41241193,5
7,-90.32085414,-91.2990046,5
8,-90.4524866,-87.32405053,5
9,-93.19208729,-57.25642415,5
10,-97.39609917,-26.63455581,5
11,-99.07441311,-33.27679931,5
12,-96.51580705,-55.08275646,5
13,-95.42161218,-67.03359874,5
14,-89.44878905,-74.16946399,5
15,-90.10695138,-54.89223579,5
16,-101.9538733,-9.85141643,5
17,-100.7115919,-4.092496055,5
18,-101.2792569,-10.45761857,5
19,-95.2570716,-40.72442566,5
20,-92.78896287,-52.64928785,5
0,-90,-90,0
1,-89.23488629,-82.7082542,0
2,-89.25956738,-63.44834606,0
3,-88.74126455,-29.21524494,0
4,-92.42697359,-1.86686818,0
5,-91.66185988,1.822304872,0
6,-90.22212979,-24.38294784,0
7,-89.99177297,-58.36490807,0
8,-87.17812902,-42.37849151,0
9,-86.4376964,3.251209928,0
10,-90.88851914,27.62053615,0
11,-91.98271401,8.274027699,0
12,-90.44425957,-26.45269517,0
13,-86.26492879,-62.75554361,0
14,-86.32251799,-41.28732765,0
15,-88.47799962,-6.309463898,0
16,-91.39859495,20.00836922,0
17,-88.6425402,-15.43713619,0
18,-86.65159915,-74.13482387,0
19,-86.05102603,-65.49211329,0
20,-86.39656125,-63.37906581,0
0,-90,-90,2.5
1,-90.16454058,-88.66635528,2.5
2,-94.52486601,-68.18538282,2.5
3,-93.00286562,7.009663226,2.5
4,-93.86670368,-7.054226533,2.5
5,-86.06748009,-40.41266456,2.5
6,-80.66232196,-74.84494638,2.5
7,-75.68496935,-67.06823887,2.5
8,-77.16583459,-26.08031385,2.5
9,-75.24893681,7.009663226,2.5
10,-74.20410411,3.441730602,2.5
11,-66.1169345,-23.51694478,2.5
12,-63.04002561,-66.24553596,2.5
13,-61.80597125,-64.63477026,2.5
14,-60.76936558,-6.499984572,2.5
15,-67.84461061,26.86711348,2.5
16,-64.15067454,37.34575056,2.5
17,-58.62211098,-0.143522083,2.5
18,-56.1951374,-30.42764923,2.5
19,-50.91338471,-33.46731998,2.5
20,-51.20955776,-32.90441799,2.5
0,-90,-90,5
1,-90.26326493,-88.02551301,5
2,-90.31262711,-86.12030627,5
3,-88.51913476,-84.02457886,5
4,-86.38010719,-30.20248843,5
5,-96.1044556,-1.944808456,5
6,-96.13736371,17.23715941,5
7,-83.88731737,-20.04427249,5
8,-97.4619154,-55.2646171,5
9,-104.2409874,0.29813948,5
10,-97.37964511,41.53720539,5
11,-96.34303944,11.72937992,5
12,-100.1603809,-15.67095702,5
13,-95.52033653,3.874732134,5
14,-91.25873545,62.19137846,5
15,-89.47347014,43.05271075,5
16,-78.43279707,12.11042127,5
17,-80.83508957,-12.98634752,5
18,-80.57182464,-10.87330005,5
19,-81.57552219,-7.374647667,5
20,-81.59197625,-7.192787024,5
0,-90,-90,0
1,-90.35376225,-88.25933384,0
2,-90.32908116,-86.67454823,0
3,-87.13699387,-46.67386671,0
4,-92.05675728,-22.34784064,0
5,-91.84285452,-21.57709792,0
6,-91.22582734,-68.5750842,0
7,-90.1974487,-108.6017458,0
8,-100.5964135,-82.54371362,0
9,-107.3343503,-50.08591878,0
10,-106.7420042,-45.41816227,0
11,-104.3726199,-55.98339965,0
12,-101.4849326,-83.74745788,0
13,-102.2335923,-96.76348393,0
14,-102.8670735,-71.58877486,0
15,-106.1825663,-45.47878248,0
16,-106.7255502,-43.88533684,0
17,-101.5260678,-69.93470901,0
18,-102.2994085,-77.32171514,0
19,-104.685247,-80.26612556,0
20,-105.828804,-77.75471668,0
0,-90,-90,2.5
1,-89.30070253,-85.06378254,2.5
2,-88.305232,-85.08976263,2.5
3,-93.41421708,-53.54993104,2.5
4,-89.76141616,-6.846385798,2.5
5,-87.10408575,-4.967159149,2.5
6,-87.6552967,-60.02763396,2.5
7,-92.1472546,-63.71680701,2.5
8,-92.17193568,-50.95192185,2.5
9,-89.76141616,-3.183192837,2.5
10,-92.83009801,23.87074288,2.5
11,-97.08347206,-33.48464005,2.5
12,-100.9419487,-54.18211327,2.5
13,-98.53965621,-49.50569673,2.5
14,-103.2372898,-3.75475486,2.5
15,-104.3808469,29.97606448,2.5
16,-101.5342948,28.74634013,2.5
17,-105.1459606,3.121309468,2.5
18,-96.23608806,-19.7931316,2.5
19,-98.54788324,-21.47317755,2.5
20,-98.94278064,-20.36469363,2.5
0,-90,-90,5
1,-90.04936217,-88.76161562,5
2,-89.11148086,-84.92522205,5
3,-98.5067481,-82.66495405,5
4,-80.55537058,-18.07844554,5
5,-81.98687365,-18.7452679,5
6,-78.63024577,-54.51119444,5
7,-81.57552219,-103.8214089,5
8,-87.69643185,-105.5101149,5
9,-84.04363093,-71.66671514,5
10,-79.47762977,-24.77264922,5
11,-79.92188934,-16.99594171,5
12,-82.41467916,-59.8717534,5
13,-77.84045098,-91.88788668,5
14,-76.40072088,-89.28121746,5
15,-76.22795327,-23.85468597,5
16,-81.97041959,5.658698446,5
17,-82.4804954,7.667825554,5
18,-77.70881851,-43.00201372,5
19,-77.23165082,-57.65478556,5
20,-76.1785911,-56.11330011,5
